<?xml version="1.0" encoding="UTF-8"?>
<beans xmlns = "http://www.springframework.org/schema/beans"
   xmlns:xsi = "http://www.w3.org/2001/XMLSchema-instance"
   xsi:schemaLocation = "http://www.springframework.org/schema/beans
   http://www.springframework.org/schema/beans/spring-beans-3.0.xsd">

   <bean id = "employee" class = "com.capgemini.classes.Employee" scope="singleton">
      <property name = "empId">
      	<value>101</value>
      </property>
      <property name = "empName"> 
      	<value>"Abhrak"</value>
      </property>
      <property name = "empSalary" >
      	<value>10649.00</value>
      </property>
   </bean>
</beans>